Abbreviation,TeamName,GridPosition,DriverPointsBefore,TeamPointsBefore,AvgFinishLast3,Podium
15,4,1.0,0.0,0.0,,1
24,4,3.0,26.0,26.0,,1
11,8,5.0,18.0,44.0,,1
23,8,9.0,15.0,15.0,,0
16,5,7.0,12.0,27.0,,0
5,0,6.0,10.0,10.0,,0
19,2,11.0,8.0,8.0,,0
27,1,16.0,6.0,6.0,,0
1,2,8.0,4.0,4.0,,0
30,0,15.0,2.0,8.0,,0
17,5,12.0,1.0,9.0,,0
26,3,19.0,0.0,10.0,,0
0,12,14.0,0.0,0.0,,0
22,7,18.0,0.0,0.0,,0
18,7,13.0,0.0,0.0,,0
13,12,20.0,0.0,0.0,,0
12,3,17.0,0.0,0.0,,0
20,11,4.0,0.0,0.0,,0
28,11,2.0,0.0,0.0,,0
9,1,10.0,0.0,0.0,,0
28,11,4.0,0.0,4.0,19.0,1
15,4,2.0,25.0,25.0,1.0,1
24,4,3.0,45.0,63.0,2.0,1
20,11,1.0,33.0,78.0,18.0,0
23,8,6.0,12.0,37.0,4.0,0
19,2,5.0,22.0,37.0,7.0,0
18,7,11.0,14.0,16.0,15.0,0
9,1,9.0,6.0,6.0,20.0,0
16,5,10.0,4.0,8.0,5.0,0
11,8,15.0,12.0,12.0,3.0,0
30,0,12.0,16.0,38.0,10.0,0
12,3,17.0,1.0,9.0,17.0,0
26,3,13.0,0.0,0.0,12.0,0
0,12,16.0,0.0,0.0,13.0,0
5,0,8.0,0.0,0.0,6.0,0
1,2,7.0,8.0,9.0,9.0,0
22,7,14.0,2.0,16.0,14.0,0
13,12,18.0,0.0,6.0,16.0,0
27,1,19.0,0.0,0.0,8.0,0
17,5,,4.0,8.0,11.0,0
15,4,1.0,0.0,12.0,1.5,1
20,11,3.0,71.0,104.0,11.0,1
23,8,6.0,30.0,55.0,4.5,1
11,8,5.0,37.0,53.0,6.5,0
18,7,4.0,28.0,65.0,11.0,0
22,7,7.0,16.0,16.0,15.5,0
19,2,8.0,8.0,24.0,6.5,0
5,0,12.0,20.0,22.0,10.5,0
9,1,11.0,12.0,13.0,14.0,0
0,12,20.0,6.0,10.0,13.5,0
30,0,14.0,1.0,1.0,10.5,0
26,3,19.0,1.0,13.0,12.5,0
17,5,15.0,0.0,0.0,11.0,0
16,5,16.0,0.0,12.0,7.0,0
27,1,13.0,12.0,12.0,13.5,0
13,12,18.0,4.0,10.0,17.0,0
1,2,10.0,0.0,1.0,12.5,0
28,11,2.0,2.0,22.0,10.0,0
29,3,17.0,25.0,55.0,,0
24,4,9.0,0.0,0.0,2.5,0
28,11,1.0,33.0,104.0,12.666666666666666,1
20,11,3.0,51.0,81.0,8.0,1
18,7,5.0,48.0,99.0,9.0,1
23,8,11.0,31.0,39.0,4.0,0
5,0,7.0,49.0,77.0,9.666666666666666,0
15,4,2.0,22.0,23.0,1.3333333333333333,0
27,1,12.0,79.0,112.0,14.0,0
29,3,13.0,10.0,16.0,19.0,0
16,5,8.0,4.0,4.0,9.333333333333334,0
26,3,15.0,14.0,14.0,12.333333333333334,0
0,12,18.0,1.0,5.0,12.333333333333334,0
9,1,17.0,1.0,1.0,12.333333333333334,0
11,8,14.0,6.0,16.0,5.666666666666667,0
19,2,16.0,28.0,77.0,6.666666666666667,0
30,0,0.0,20.0,22.0,10.666666666666666,0
13,12,19.0,1.0,23.0,16.666666666666668,0
17,5,10.0,0.0,1.0,12.0,0
22,7,6.0,0.0,14.0,12.333333333333334,0
1,2,9.0,8.0,39.0,14.0,0
24,4,4.0,2.0,22.0,8.333333333333334,0
28,11,3.0,33.0,112.0,6.666666666666667,1
15,4,1.0,77.0,125.0,3.0,1
24,4,2.0,97.0,130.0,14.333333333333334,1
20,11,4.0,48.0,145.0,2.6666666666666665,0
23,8,12.0,60.0,137.0,4.0,0
11,8,6.0,59.0,87.0,9.0,0
5,0,5.0,36.0,95.0,9.333333333333334,0
19,2,20.0,28.0,29.0,9.0,0
0,12,18.0,24.0,26.0,11.666666666666666,0
26,3,0.0,3.0,3.0,11.666666666666666,0
1,2,11.0,2.0,6.0,17.333333333333332,0
27,1,9.0,2.0,26.0,13.666666666666666,0
22,7,14.0,10.0,16.0,13.666666666666666,0
13,12,19.0,8.0,39.0,16.666666666666668,0
17,5,15.0,0.0,3.0,15.0,0
16,5,16.0,0.0,14.0,10.666666666666666,0
29,3,0.0,14.0,14.0,13.5,0
9,1,7.0,4.0,6.0,9.666666666666666,0
18,7,8.0,6.0,16.0,5.0,0
30,0,17.0,31.0,39.0,12.333333333333334,0
28,11,2.0,1.0,29.0,6.666666666666667,1
20,11,5.0,102.0,162.0,2.6666666666666665,1
23,8,4.0,79.0,181.0,4.0,1
24,4,3.0,74.0,110.0,14.333333333333334,0
11,8,6.0,60.0,157.0,7.666666666666667,0
5,0,7.0,46.0,120.0,6.666666666666667,0
19,2,12.0,36.0,37.0,9.666666666666666,0
18,7,11.0,30.0,32.0,9.0,0
1,2,20.0,35.0,43.0,15.666666666666666,0
27,1,13.0,4.0,34.0,11.333333333333334,0
29,3,16.0,11.0,17.0,14.666666666666666,0
22,7,9.0,4.0,6.0,12.333333333333334,0
9,1,14.0,8.0,43.0,13.0,0
17,5,10.0,6.0,17.0,15.0,0
26,3,17.0,0.0,14.0,10.666666666666666,0
13,12,19.0,2.0,6.0,15.333333333333334,0
16,5,8.0,0.0,3.0,13.0,0
0,12,18.0,14.0,14.0,10.0,0
30,0,15.0,3.0,3.0,15.333333333333334,0
15,4,1.0,1.0,37.0,3.0,0
20,11,3.0,97.0,157.0,2.6666666666666665,1
24,4,2.0,104.0,206.0,9.0,1
28,11,4.0,78.0,175.0,1.0,1
15,4,1.0,117.0,221.0,9.333333333333334,0
23,8,6.0,109.0,187.0,4.0,0
18,7,5.0,84.0,130.0,10.0,0
1,2,7.0,44.0,52.0,13.0,0
11,8,8.0,10.0,40.0,8.0,0
5,0,12.0,50.0,134.0,6.0,0
29,3,9.0,38.0,39.0,12.0,0
9,1,17.0,5.0,7.0,14.333333333333334,0
19,2,10.0,6.0,17.0,9.666666666666666,0
22,7,14.0,30.0,40.0,14.333333333333334,0
26,3,18.0,8.0,52.0,11.666666666666666,0
13,12,19.0,2.0,7.0,15.333333333333334,0
30,0,20.0,0.0,3.0,18.0,0
27,1,11.0,1.0,39.0,9.666666666666666,0
0,12,16.0,11.0,17.0,12.666666666666666,0
17,5,15.0,3.0,3.0,15.333333333333334,0
16,5,13.0,0.0,14.0,14.0,0
28,11,3.0,14.0,14.0,1.6666666666666667,1
20,11,2.0,142.0,246.0,2.3333333333333335,1
23,8,5.0,123.0,265.0,4.333333333333333,1
11,8,7.0,99.0,149.0,6.333333333333333,0
9,1,6.0,62.0,161.0,14.0,0
29,3,9.0,16.0,27.0,12.666666666666666,0
1,2,10.0,13.0,15.0,9.0,0
22,7,12.0,16.0,46.0,12.666666666666666,0
18,7,11.0,12.0,56.0,11.0,0
19,2,13.0,46.0,58.0,9.0,0
5,0,15.0,31.0,47.0,7.333333333333333,0
0,12,17.0,38.0,39.0,15.0,0
27,1,8.0,3.0,3.0,13.0,0
17,5,20.0,11.0,27.0,16.0,0
13,12,18.0,0.0,14.0,15.0,0
26,3,19.0,0.0,3.0,13.0,0
16,5,16.0,2.0,15.0,17.666666666666668,0
30,0,14.0,14.0,14.0,18.333333333333332,0
15,4,1.0,1.0,39.0,8.666666666666666,0
24,4,4.0,109.0,187.0,3.0,0
28,11,1.0,78.0,187.0,1.6666666666666667,1
24,4,3.0,167.0,290.0,8.666666666666666,1
11,8,4.0,97.0,206.0,5.666666666666667,1
23,8,8.0,77.0,176.0,3.6666666666666665,0
15,4,19.0,111.0,188.0,14.333333333333334,0
19,2,7.0,119.0,216.0,9.666666666666666,0
5,0,11.0,39.0,55.0,8.666666666666666,0
30,0,10.0,44.0,45.0,17.666666666666668,0
1,2,2.0,5.0,49.0,7.666666666666667,0
26,3,17.0,18.0,57.0,15.0,0
22,7,9.0,3.0,16.0,11.0,0
29,3,16.0,12.0,58.0,9.0,0
0,12,12.0,13.0,16.0,16.0,0
9,1,15.0,3.0,3.0,9.666666666666666,0
18,7,14.0,16.0,27.0,7.666666666666667,0
13,12,18.0,46.0,58.0,15.333333333333334,0
16,5,5.0,0.0,3.0,18.0,0
27,1,20.0,14.0,14.0,13.333333333333334,0
17,5,6.0,11.0,27.0,15.666666666666666,0
20,11,13.0,0.0,14.0,1.6666666666666667,0
24,4,1.0,123.0,290.0,8.0,1
20,11,4.0,122.0,241.0,7.666666666666667,1
11,8,5.0,141.0,308.0,5.0,1
15,4,3.0,93.0,204.0,9.333333333333334,0
1,2,7.0,131.0,253.0,7.666666666666667,0
18,7,6.0,28.0,67.0,10.0,0
28,11,2.0,54.0,66.0,1.6666666666666667,0
17,5,19.0,173.0,314.0,17.333333333333332,0
29,3,18.0,4.0,18.0,9.333333333333334,0
16,5,17.0,15.0,18.0,18.0,0
26,3,20.0,15.0,19.0,13.333333333333334,0
13,12,10.0,3.0,18.0,15.333333333333334,0
22,7,14.0,0.0,3.0,10.666666666666666,0
27,1,13.0,12.0,66.0,16.0,0
19,2,15.0,11.0,27.0,9.333333333333334,0
9,1,11.0,39.0,67.0,10.0,0
5,0,12.0,16.0,27.0,9.0,0
23,8,8.0,44.0,49.0,4.0,0
30,0,9.0,111.0,204.0,14.0,0
0,12,16.0,5.0,49.0,14.333333333333334,0
15,4,2.0,3.0,3.0,9.333333333333334,1
28,11,1.0,156.0,278.0,3.0,1
11,8,8.0,192.0,333.0,3.3333333333333335,1
23,8,4.0,108.0,219.0,8.333333333333334,0
19,2,6.0,123.0,231.0,10.333333333333334,0
17,5,9.0,49.0,77.0,13.666666666666666,0
18,7,10.0,12.0,27.0,10.0,0
16,5,7.0,60.0,72.0,14.666666666666666,0
22,7,11.0,19.0,31.0,10.666666666666666,0
1,2,19.0,14.0,74.0,7.0,0
5,0,0.0,29.0,78.0,11.666666666666666,0
0,12,15.0,44.0,49.0,15.0,0
26,3,12.0,3.0,3.0,12.333333333333334,0
30,0,13.0,3.0,18.0,15.0,0
9,1,14.0,5.0,49.0,11.666666666666666,0
27,1,16.0,16.0,27.0,15.0,0
29,3,18.0,11.0,27.0,9.0,0
24,4,3.0,15.0,18.0,7.666666666666667,0
13,12,17.0,122.0,278.0,14.333333333333334,0
20,11,5.0,0.0,3.0,8.0,0
28,11,2.0,141.0,333.0,3.3333333333333335,1
11,8,4.0,217.0,358.0,3.0,1
23,8,6.0,126.0,249.0,8.666666666666666,1
20,11,3.0,138.0,264.0,14.0,0
24,4,19.0,153.0,370.0,7.0,0
1,2,7.0,133.0,289.0,8.0,0
18,7,5.0,37.0,86.0,9.333333333333334,0
19,2,10.0,66.0,80.0,8.666666666666666,0
22,7,9.0,53.0,90.0,11.0,0
26,3,15.0,16.0,82.0,11.333333333333334,0
29,3,12.0,4.0,19.0,12.666666666666666,0
9,1,14.0,15.0,19.0,15.0,0
0,12,13.0,16.0,27.0,15.0,0
5,0,11.0,3.0,3.0,11.666666666666666,0
17,5,17.0,44.0,49.0,11.0,0
30,0,16.0,12.0,31.0,13.666666666666666,0
13,12,18.0,5.0,49.0,15.666666666666666,0
16,5,20.0,0.0,3.0,11.666666666666666,0
15,4,1.0,19.0,31.0,3.3333333333333335,0
27,1,8.0,156.0,289.0,16.0,0
28,11,10.0,11.0,27.0,3.3333333333333335,1
11,8,7.0,242.0,395.0,2.6666666666666665,1
23,8,1.0,145.0,283.0,8.333333333333334,1
24,4,2.0,153.0,298.0,8.0,0
20,11,11.0,145.0,301.0,8.666666666666666,0
15,4,3.0,163.0,405.0,8.0,0
18,7,4.0,164.0,309.0,6.666666666666667,0
1,2,6.0,72.0,88.0,7.0,0
19,2,5.0,41.0,94.0,9.333333333333334,0
29,3,18.0,55.0,96.0,12.333333333333334,0
26,3,14.0,16.0,20.0,11.333333333333334,0
9,1,0.0,4.0,20.0,14.333333333333334,0
30,0,12.0,16.0,27.0,16.333333333333332,0
17,5,15.0,5.0,49.0,9.666666666666666,0
22,7,9.0,12.0,31.0,10.333333333333334,0
16,5,13.0,16.0,88.0,12.0,0
0,12,17.0,19.0,31.0,15.0,0
13,12,19.0,3.0,3.0,16.0,0
27,1,16.0,0.0,3.0,16.666666666666668,0
5,0,8.0,11.0,27.0,14.0,0
28,11,14.0,44.0,49.0,1.3333333333333333,1
20,11,2.0,268.0,431.0,9.666666666666666,1
24,4,1.0,181.0,449.0,9.0,1
23,8,5.0,160.0,324.0,3.3333333333333335,0
1,2,3.0,165.0,310.0,8.0,0
15,4,15.0,51.0,106.0,8.666666666666666,0
19,2,16.0,172.0,332.0,7.333333333333333,0
29,3,10.0,61.0,112.0,12.666666666666666,0
9,1,0.0,20.0,24.0,13.0,0
0,12,6.0,18.0,29.0,14.0,0
26,3,9.0,4.0,4.0,11.333333333333334,0
18,7,17.0,4.0,24.0,7.0,0
27,1,0.0,72.0,88.0,18.333333333333332,0
30,0,18.0,11.0,29.0,14.333333333333334,0
22,7,7.0,5.0,49.0,11.0,0
16,5,12.0,16.0,88.0,14.0,0
17,5,19.0,19.0,31.0,11.666666666666666,0
13,12,11.0,12.0,31.0,18.0,0
5,0,13.0,0.0,4.0,15.0,0
11,8,4.0,44.0,49.0,2.3333333333333335,0
28,11,1.0,145.0,310.0,1.0,1
23,8,6.0,294.0,475.0,3.3333333333333335,1
15,4,2.0,183.0,328.0,10.333333333333334,1
11,8,4.0,187.0,347.0,8.0,0
20,11,5.0,157.0,340.0,3.6666666666666665,0
1,2,13.0,191.0,485.0,6.333333333333333,0
18,7,7.0,59.0,120.0,8.666666666666666,0
24,4,3.0,78.0,94.0,4.0,0
19,2,12.0,164.0,351.0,8.0,0
26,3,10.0,63.0,122.0,10.666666666666666,0
9,1,11.0,5.0,25.0,11.0,0
0,12,15.0,18.0,29.0,13.333333333333334,0
17,5,8.0,4.0,4.0,15.333333333333334,0
29,3,19.0,12.0,31.0,9.666666666666666,0
16,5,18.0,20.0,25.0,16.666666666666668,0
30,0,14.0,19.0,31.0,14.333333333333334,0
22,7,17.0,5.0,49.0,13.0,0
13,12,20.0,16.0,94.0,17.666666666666668,0
5,0,16.0,0.0,4.0,17.666666666666668,0
27,1,9.0,44.0,49.0,17.333333333333332,0
28,11,7.0,11.0,29.0,1.0,1
15,4,1.0,319.0,510.0,5.0,1
23,8,2.0,205.0,369.0,3.0,1
24,4,18.0,198.0,355.0,5.0,0
11,8,19.0,176.0,381.0,8.666666666666666,0
20,11,13.0,167.0,365.0,4.0,0
18,7,3.0,200.0,519.0,8.666666666666666,0
9,1,5.0,84.0,100.0,10.666666666666666,0
7,12,8.0,22.0,33.0,,0
30,0,9.0,2.0,6.0,14.333333333333334,0
19,2,14.0,6.0,50.0,8.333333333333334,0
17,5,17.0,63.0,122.0,14.666666666666666,0
5,0,15.0,12.0,31.0,19.333333333333332,0
27,1,20.0,44.0,50.0,17.333333333333332,0
13,12,10.0,11.0,33.0,18.0,0
16,5,16.0,0.0,6.0,15.666666666666666,0
22,7,4.0,19.0,31.0,15.666666666666666,0
26,3,12.0,16.0,100.0,10.666666666666666,0
1,2,6.0,5.0,25.0,6.333333333333333,0
29,3,11.0,59.0,122.0,10.666666666666666,0
20,11,2.0,20.0,25.0,4.333333333333333,1
15,4,1.0,225.0,544.0,3.6666666666666665,1
24,4,4.0,223.0,399.0,5.0,1
18,7,6.0,191.0,414.0,8.666666666666666,0
22,7,16.0,96.0,112.0,16.333333333333332,0
26,3,11.0,26.0,122.0,13.0,0
28,11,8.0,13.0,33.0,1.0,0
29,3,13.0,325.0,550.0,14.0,0
11,8,3.0,24.0,37.0,9.666666666666666,0
9,1,7.0,169.0,367.0,9.333333333333334,0
5,0,15.0,23.0,34.0,17.0,0
16,5,9.0,44.0,50.0,15.666666666666666,0
17,5,12.0,19.0,31.0,14.0,0
23,8,0.0,12.0,31.0,3.0,0
27,1,10.0,198.0,367.0,15.666666666666666,0
19,2,17.0,11.0,34.0,9.0,0
0,12,18.0,63.0,122.0,13.0,0
1,2,5.0,4.0,6.0,10.0,0
13,12,19.0,59.0,122.0,17.0,0
30,0,14.0,0.0,6.0,13.333333333333334,0
28,11,1.0,6.0,50.0,3.0,1
20,11,4.0,350.0,575.0,4.0,1
15,4,2.0,243.0,593.0,2.3333333333333335,1
19,2,5.0,238.0,429.0,12.0,0
11,8,6.0,75.0,134.0,6.0,0
29,3,9.0,179.0,377.0,14.0,0
1,2,7.0,32.0,45.0,14.333333333333334,0
23,8,8.0,65.0,140.0,6.333333333333333,0
13,12,20.0,202.0,381.0,17.333333333333332,0
18,7,10.0,2.0,8.0,6.0,0
22,7,11.0,97.0,123.0,13.0,0
26,3,19.0,26.0,123.0,11.333333333333334,0
27,1,13.0,13.0,45.0,16.333333333333332,0
16,5,18.0,11.0,34.0,14.333333333333334,0
5,0,12.0,19.0,31.0,14.333333333333334,0
30,0,14.0,44.0,50.0,15.333333333333334,0
17,5,15.0,6.0,50.0,12.666666666666666,0
9,1,17.0,12.0,31.0,9.666666666666666,0
24,4,3.0,23.0,34.0,5.0,0
0,12,16.0,191.0,429.0,13.0,0
28,11,2.0,4.0,8.0,3.0,1
11,8,3.0,375.0,618.0,6.333333333333333,1
15,4,12.0,197.0,399.0,2.3333333333333335,1
20,11,9.0,253.0,444.0,3.0,0
23,8,4.0,255.0,630.0,8.333333333333334,0
18,7,6.0,213.0,410.0,7.0,0
1,2,14.0,105.0,131.0,14.666666666666666,0
29,3,10.0,71.0,146.0,11.333333333333334,0
16,5,13.0,36.0,49.0,14.0,0
27,1,19.0,21.0,33.0,14.0,0
19,2,0.0,12.0,35.0,10.333333333333334,0
30,0,18.0,75.0,146.0,15.333333333333334,0
0,12,8.0,6.0,50.0,16.333333333333332,0
9,1,11.0,4.0,8.0,12.0,0
17,5,16.0,23.0,35.0,14.0,0
22,7,15.0,12.0,33.0,11.0,0
13,12,17.0,26.0,131.0,14.333333333333334,0
26,3,5.0,2.0,8.0,12.0,0
5,0,7.0,13.0,49.0,13.0,0
24,4,1.0,44.0,50.0,8.666666666666666,0
28,11,1.0,191.0,444.0,3.0,1
11,8,3.0,400.0,655.0,5.333333333333333,1
20,11,4.0,215.0,428.0,2.3333333333333335,1
23,8,2.0,270.0,670.0,9.0,0
24,4,5.0,226.0,441.0,14.0,0
15,4,7.0,201.0,454.0,2.6666666666666665,0
22,7,11.0,261.0,462.0,10.666666666666666,0
19,2,10.0,32.0,137.0,10.333333333333334,0
18,7,8.0,79.0,150.0,6.666666666666667,0
5,0,6.0,107.0,139.0,15.0,0
9,1,14.0,45.0,51.0,14.0,0
0,12,17.0,23.0,35.0,16.666666666666668,0
30,0,12.0,4.0,8.0,16.0,0
29,3,16.0,6.0,51.0,7.333333333333333,0
26,3,20.0,36.0,49.0,12.0,0
17,5,15.0,13.0,49.0,15.0,0
16,5,19.0,12.0,33.0,11.666666666666666,0
13,12,18.0,21.0,33.0,15.0,0
1,2,9.0,2.0,8.0,10.666666666666666,0
27,1,13.0,71.0,150.0,12.666666666666666,0
23,8,1.0,12.0,35.0,5.666666666666667,1
11,8,2.0,252.0,467.0,3.0,1
24,4,7.0,233.0,485.0,14.666666666666666,1
15,4,5.0,216.0,477.0,4.0,0
1,2,17.0,273.0,489.0,11.0,0
28,11,3.0,81.0,160.0,1.0,0
20,11,4.0,408.0,678.0,3.0,0
19,2,16.0,276.0,684.0,7.666666666666667,0
5,0,14.0,83.0,164.0,14.666666666666666,0
26,3,15.0,47.0,53.0,15.0,0
29,3,9.0,14.0,50.0,9.333333333333334,0
30,0,13.0,36.0,50.0,13.666666666666666,0
17,5,12.0,6.0,53.0,16.0,0
9,1,10.0,12.0,33.0,14.333333333333334,0
0,12,19.0,23.0,35.0,15.0,0
13,12,18.0,4.0,8.0,14.666666666666666,0
27,1,0.0,2.0,8.0,14.333333333333334,0
18,7,6.0,12.0,35.0,8.333333333333334,0
16,5,8.0,107.0,139.0,13.333333333333334,0
22,7,11.0,21.0,33.0,11.333333333333334,0
28,11,1.0,32.0,139.0,2.6666666666666665,1
15,4,3.0,433.0,709.0,4.333333333333333,1
20,11,2.0,291.0,507.0,4.666666666666667,1
24,4,4.0,291.0,724.0,9.333333333333334,0
23,8,6.0,228.0,519.0,3.3333333333333335,0
18,7,7.0,262.0,495.0,11.0,0
19,2,8.0,116.0,148.0,9.0,0
26,3,14.0,89.0,170.0,14.333333333333334,0
22,7,13.0,18.0,54.0,14.333333333333334,0
29,3,9.0,34.0,150.0,11.0,0
27,1,11.0,37.0,55.0,15.666666666666666,0
30,0,15.0,12.0,35.0,12.333333333333334,0
0,12,19.0,6.0,53.0,13.333333333333334,0
9,1,17.0,4.0,8.0,13.0,0
5,0,18.0,23.0,35.0,12.666666666666666,0
17,5,12.0,47.0,53.0,14.666666666666666,0
16,5,16.0,12.0,33.0,15.0,0
11,8,5.0,21.0,33.0,2.0,0
13,12,20.0,233.0,495.0,17.0,0
1,2,10.0,2.0,8.0,10.333333333333334,0
28,11,1.0,81.0,170.0,,1
20,11,2.0,25.0,25.0,,1
1,3,5.0,18.0,43.0,,1
24,4,4.0,15.0,15.0,,0
11,8,7.0,12.0,12.0,,0
26,3,8.0,10.0,10.0,,0
23,8,6.0,8.0,23.0,,0
5,0,12.0,6.0,16.0,,0
9,2,20.0,4.0,4.0,,0
0,12,15.0,2.0,2.0,,0
27,1,14.0,1.0,1.0,,0
25,12,16.0,0.0,0.0,,0
16,5,17.0,0.0,1.0,,0
7,1,19.0,0.0,0.0,,0
12,5,10.0,0.0,0.0,,0
30,0,13.0,0.0,0.0,,0
18,7,11.0,0.0,4.0,,0
19,2,9.0,0.0,0.0,,0
15,4,3.0,0.0,2.0,,0
21,7,18.0,0.0,12.0,,0
20,11,1.0,0.0,0.0,2.0,1
28,11,15.0,43.0,68.0,1.0,1
1,3,2.0,44.0,87.0,3.0,1
23,8,3.0,30.0,38.0,7.0,0
11,8,7.0,18.0,28.0,5.0,0
24,4,4.0,20.0,38.0,4.0,0
15,4,12.0,20.0,20.0,19.0,0
19,2,6.0,6.0,26.0,18.0,0
9,2,9.0,4.0,6.0,9.0,0
16,5,13.0,4.0,8.0,13.0,0
27,1,16.0,1.0,1.0,11.0,0
12,5,10.0,0.0,0.0,15.0,0
30,0,11.0,0.0,1.0,16.0,0
7,1,18.0,0.0,4.0,14.0,0
21,7,8.0,0.0,0.0,20.0,0
25,12,20.0,0.0,0.0,12.0,0
18,7,19.0,0.0,1.0,17.0,0
5,0,14.0,0.0,0.0,8.0,0
0,12,17.0,4.0,4.0,10.0,0
26,3,5.0,1.0,1.0,6.0,0
28,11,1.0,8.0,38.0,1.5,1
11,8,3.0,69.0,112.0,5.0,1
1,3,4.0,38.0,56.0,3.0,1
26,3,6.0,45.0,53.0,13.0,0
20,11,20.0,20.0,65.0,1.5,0
18,7,13.0,54.0,123.0,17.0,0
12,5,10.0,8.0,8.0,13.5,0
21,7,16.0,6.0,7.0,17.5,0
30,0,17.0,4.0,12.0,14.5,0
27,1,12.0,2.0,6.0,11.0,0
5,0,19.0,1.0,1.0,13.0,0
24,4,5.0,4.0,6.0,5.0,0
9,2,9.0,20.0,26.0,9.0,0
19,2,11.0,4.0,8.0,13.0,0
7,1,15.0,4.0,8.0,14.0,0
25,12,18.0,0.0,1.0,14.0,0
16,5,14.0,0.0,1.0,11.5,0
23,8,2.0,1.0,7.0,5.5,0
0,12,8.0,18.0,56.0,14.5,0
15,4,7.0,1.0,1.0,13.0,0
20,11,3.0,6.0,26.0,2.6666666666666665,1
28,11,2.0,79.0,148.0,1.3333333333333333,1
15,4,1.0,87.0,166.0,15.333333333333334,1
1,3,6.0,21.0,41.0,3.0,0
24,4,4.0,57.0,77.0,7.333333333333333,0
11,8,5.0,30.0,51.0,4.0,0
26,3,9.0,46.0,64.0,10.0,0
23,8,11.0,26.0,83.0,9.666666666666666,0
18,7,7.0,23.0,69.0,13.333333333333334,0
27,1,8.0,10.0,14.0,10.666666666666666,0
21,7,10.0,2.0,2.0,14.333333333333334,0
0,12,12.0,4.0,14.0,16.0,0
16,5,16.0,1.0,1.0,13.333333333333334,0
9,2,17.0,1.0,7.0,10.333333333333334,0
19,2,19.0,4.0,8.0,13.333333333333334,0
25,12,14.0,4.0,8.0,14.666666666666666,0
12,5,20.0,0.0,1.0,11.333333333333334,0
5,0,13.0,6.0,7.0,12.333333333333334,0
30,0,15.0,4.0,6.0,12.666666666666666,0
7,1,18.0,2.0,6.0,14.333333333333334,0
28,11,9.0,0.0,2.0,1.6666666666666667,1
20,11,1.0,113.0,192.0,2.3333333333333335,1
1,3,2.0,97.0,210.0,3.3333333333333335,1
23,8,6.0,72.0,98.0,10.0,0
24,4,3.0,35.0,81.0,7.666666666666667,0
11,8,13.0,40.0,61.0,4.333333333333333,0
15,4,7.0,54.0,89.0,10.0,0
9,2,5.0,27.0,67.0,12.0,0
19,2,8.0,8.0,12.0,12.333333333333334,0
16,5,4.0,6.0,14.0,13.333333333333334,0
27,1,17.0,2.0,8.0,10.333333333333334,0
26,3,18.0,2.0,2.0,10.333333333333334,0
5,0,10.0,26.0,98.0,15.666666666666666,0
0,12,11.0,4.0,6.0,16.666666666666668,0
12,5,12.0,1.0,1.0,12.0,0
30,0,14.0,6.0,8.0,13.666666666666666,0
18,7,16.0,2.0,6.0,10.666666666666666,0
7,1,15.0,10.0,14.0,16.333333333333332,0
21,7,19.0,0.0,2.0,11.333333333333334,0
25,12,20.0,4.0,14.0,16.0,0
28,11,1.0,0.0,1.0,1.3333333333333333,1
1,3,2.0,138.0,235.0,3.3333333333333335,1
19,2,3.0,90.0,116.0,12.666666666666666,1
11,8,5.0,21.0,29.0,4.666666666666667,0
23,8,8.0,67.0,102.0,10.0,0
15,4,6.0,45.0,112.0,10.0,0
9,2,7.0,35.0,75.0,11.666666666666666,0
24,4,4.0,14.0,35.0,7.333333333333333,0
18,7,10.0,44.0,79.0,10.666666666666666,0
21,7,11.0,12.0,16.0,12.666666666666666,0
5,0,15.0,5.0,17.0,14.0,0
7,1,12.0,4.0,6.0,17.666666666666668,0
30,0,19.0,0.0,2.0,14.666666666666666,0
0,12,13.0,2.0,6.0,15.0,0
27,1,9.0,1.0,1.0,10.333333333333334,0
20,11,20.0,2.0,2.0,2.6666666666666665,0
12,5,18.0,97.0,235.0,13.0,0
25,12,16.0,6.0,8.0,17.333333333333332,0
16,5,17.0,0.0,1.0,13.333333333333334,0
26,3,14.0,2.0,8.0,7.666666666666667,0
28,11,1.0,26.0,116.0,1.3333333333333333,1
11,8,4.0,164.0,261.0,5.333333333333333,1
23,8,12.0,85.0,130.0,5.666666666666667,1
20,11,11.0,60.0,145.0,6.333333333333333,0
24,4,2.0,109.0,273.0,6.0,0
26,3,5.0,54.0,89.0,13.0,0
1,3,8.0,34.0,124.0,3.0,0
19,2,6.0,96.0,130.0,9.0,0
30,0,13.0,25.0,39.0,16.0,0
9,2,10.0,4.0,8.0,9.666666666666666,0
15,4,19.0,15.0,40.0,5.333333333333333,0
27,1,15.0,35.0,89.0,12.0,0
21,7,9.0,2.0,2.0,13.333333333333334,0
7,1,14.0,5.0,17.0,16.666666666666668,0
12,5,7.0,0.0,2.0,16.333333333333332,0
0,12,18.0,6.0,8.0,13.333333333333334,0
18,7,3.0,1.0,1.0,11.666666666666666,0
16,5,17.0,12.0,17.0,14.0,0
5,0,16.0,2.0,8.0,14.0,0
25,12,20.0,4.0,8.0,18.0,0
28,11,1.0,0.0,1.0,1.0,1
1,3,2.0,189.0,298.0,4.0,1
11,8,3.0,114.0,148.0,4.0,1
15,4,10.0,100.0,160.0,8.0,0
24,4,11.0,47.0,101.0,6.0,0
20,11,12.0,64.0,111.0,7.333333333333333,0
0,12,9.0,118.0,307.0,14.666666666666666,0
19,2,6.0,7.0,7.0,6.666666666666667,0
26,3,16.0,29.0,44.0,12.666666666666666,0
5,0,14.0,36.0,150.0,14.333333333333334,0
21,7,8.0,5.0,9.0,14.0,0
9,2,15.0,5.0,17.0,8.333333333333334,0
18,7,7.0,15.0,44.0,14.333333333333334,0
27,1,19.0,12.0,17.0,12.666666666666666,0
12,5,5.0,2.0,2.0,15.666666666666666,0
30,0,20.0,6.0,8.0,12.666666666666666,0
16,5,13.0,4.0,9.0,15.666666666666666,0
7,1,17.0,2.0,8.0,14.666666666666666,0
23,8,4.0,0.0,2.0,4.0,0
25,12,18.0,60.0,160.0,19.333333333333332,0
28,11,1.0,0.0,7.0,1.0,1
15,4,2.0,215.0,333.0,7.0,1
20,11,15.0,65.0,129.0,8.666666666666666,1
18,7,4.0,133.0,348.0,13.0,0
1,3,7.0,24.0,29.0,3.6666666666666665,0
24,4,3.0,124.0,160.0,6.0,0
23,8,11.0,72.0,137.0,9.0,0
11,8,5.0,66.0,166.0,3.0,0
26,3,6.0,104.0,170.0,11.666666666666666,0
9,2,9.0,38.0,162.0,9.666666666666666,0
0,12,10.0,16.0,45.0,12.333333333333334,0
30,0,17.0,7.0,7.0,12.666666666666666,0
25,12,18.0,4.0,9.0,19.333333333333332,0
19,2,12.0,0.0,7.0,6.333333333333333,0
5,0,14.0,29.0,45.0,13.333333333333334,0
21,7,13.0,5.0,9.0,11.333333333333334,0
7,1,20.0,5.0,29.0,14.666666666666666,0
16,5,19.0,0.0,2.0,18.0,0
27,1,16.0,2.0,8.0,13.666666666666666,0
12,5,8.0,2.0,2.0,15.666666666666666,0
28,11,1.0,6.0,8.0,1.0,1
18,7,2.0,241.0,374.0,11.333333333333334,1
11,8,7.0,42.0,47.0,4.333333333333333,1
21,7,3.0,119.0,185.0,13.333333333333334,0
23,8,6.0,17.0,59.0,9.666666666666666,0
20,11,15.0,76.0,195.0,4.333333333333333,0
1,3,9.0,141.0,382.0,4.666666666666667,0
0,12,8.0,130.0,168.0,11.333333333333334,0
15,4,4.0,11.0,11.0,5.666666666666667,0
24,4,5.0,67.0,139.0,5.333333333333333,0
25,12,14.0,73.0,140.0,17.666666666666668,0
5,0,20.0,0.0,11.0,14.666666666666666,0
12,5,11.0,5.0,9.0,16.666666666666668,0
26,3,12.0,6.0,8.0,8.0,0
30,0,17.0,38.0,168.0,12.333333333333334,0
27,1,16.0,4.0,9.0,15.0,0
7,1,18.0,2.0,2.0,16.333333333333332,0
9,2,10.0,0.0,2.0,10.666666666666666,0
16,5,19.0,16.0,45.0,17.666666666666668,0
19,2,13.0,2.0,8.0,10.0,0
28,11,2.0,29.0,45.0,1.0,1
18,7,3.0,267.0,408.0,6.333333333333333,1
20,11,9.0,60.0,77.0,5.0,1
11,8,1.0,156.0,423.0,4.666666666666667,0
21,7,4.0,131.0,207.0,10.333333333333334,0
23,8,18.0,27.0,87.0,10.333333333333334,0
15,4,6.0,84.0,215.0,5.0,0
24,4,11.0,73.0,146.0,7.0,0
1,3,8.0,77.0,150.0,4.666666666666667,0
26,3,14.0,132.0,170.0,10.666666666666666,0
0,12,16.0,39.0,171.0,8.666666666666666,0
5,0,7.0,11.0,11.0,12.333333333333334,0
22,1,13.0,5.0,9.0,,0
12,5,10.0,0.0,2.0,16.0,0
27,1,17.0,6.0,8.0,16.333333333333332,0
30,0,5.0,2.0,2.0,14.333333333333334,0
16,5,19.0,4.0,9.0,18.0,0
25,12,20.0,2.0,8.0,14.666666666666666,0
19,2,12.0,0.0,11.0,14.0,0
9,2,15.0,29.0,45.0,13.333333333333334,0
28,11,6.0,16.0,45.0,1.0,1
20,11,2.0,292.0,448.0,4.0,1
15,4,1.0,174.0,466.0,6.0,1
11,8,3.0,88.0,165.0,5.0,0
1,3,9.0,144.0,228.0,7.0,0
23,8,8.0,142.0,181.0,6.0,0
18,7,7.0,92.0,236.0,2.6666666666666665,0
19,2,14.0,66.0,93.0,17.666666666666668,0
26,3,10.0,33.0,49.0,11.0,0
27,1,11.0,41.0,183.0,16.666666666666668,0
9,2,12.0,3.0,3.0,16.0,0
5,0,13.0,16.0,49.0,13.0,0
30,0,17.0,5.0,9.0,14.333333333333334,0
0,12,15.0,4.0,9.0,10.0,0
16,5,16.0,11.0,11.0,18.0,0
22,1,19.0,2.0,8.0,13.0,0
25,12,18.0,0.0,3.0,14.0,0
12,5,20.0,0.0,11.0,15.666666666666666,0
24,4,4.0,6.0,8.0,8.0,0
21,7,5.0,77.0,165.0,8.333333333333334,0
28,11,1.0,27.0,93.0,1.0,1
1,3,5.0,317.0,491.0,7.0,1
9,2,12.0,161.0,202.0,16.333333333333332,1
20,11,7.0,31.0,64.0,3.6666666666666665,0
24,4,6.0,186.0,503.0,12.333333333333334,0
11,8,13.0,87.0,175.0,3.6666666666666665,0
18,7,2.0,152.0,244.0,3.6666666666666665,0
0,12,4.0,72.0,99.0,11.0,0
21,7,8.0,15.0,15.0,9.666666666666666,0
19,2,16.0,29.0,101.0,15.666666666666666,0
26,3,11.0,34.0,65.0,11.0,0
12,5,14.0,41.0,202.0,15.0,0
14,1,19.0,6.0,8.0,,0
5,0,18.0,0.0,3.0,12.0,0
27,1,17.0,5.0,9.0,13.666666666666666,0
16,5,0.0,3.0,3.0,17.0,0
23,8,3.0,2.0,8.0,5.666666666666667,0
30,0,15.0,92.0,244.0,14.666666666666666,0
15,4,9.0,4.0,9.0,6.333333333333333,0
25,12,10.0,88.0,175.0,15.333333333333334,0
28,11,2.0,0.0,15.0,1.0,1
20,11,5.0,342.0,528.0,3.0,1
24,4,1.0,204.0,546.0,10.666666666666666,1
15,4,3.0,102.0,190.0,9.666666666666666,0
23,8,4.0,100.0,202.0,9.666666666666666,0
11,8,8.0,102.0,254.0,4.666666666666667,0
0,12,6.0,160.0,262.0,11.0,0
18,7,9.0,21.0,21.0,5.333333333333333,0
1,3,10.0,76.0,105.0,5.333333333333333,0
5,0,14.0,163.0,204.0,12.666666666666666,0
14,1,12.0,6.0,10.0,13.0,0
21,7,7.0,0.0,3.0,11.333333333333334,0
25,12,15.0,29.0,105.0,18.333333333333332,0
30,0,16.0,0.0,21.0,15.666666666666666,0
9,2,17.0,4.0,10.0,11.333333333333334,0
26,3,20.0,31.0,65.0,10.0,0
12,5,13.0,41.0,204.0,14.666666666666666,0
16,5,19.0,6.0,8.0,16.0,0
19,2,18.0,2.0,8.0,12.333333333333334,0
27,1,11.0,34.0,65.0,13.333333333333334,0
24,4,1.0,3.0,3.0,9.0,1
18,7,4.0,127.0,227.0,7.333333333333333,1
11,8,5.0,94.0,123.0,5.333333333333333,1
15,4,3.0,176.0,278.0,8.666666666666666,0
28,11,11.0,112.0,239.0,1.0,0
9,2,12.0,352.0,556.0,9.666666666666666,0
21,7,17.0,39.0,73.0,13.666666666666666,0
20,11,13.0,35.0,129.0,2.6666666666666665,0
14,1,10.0,208.0,560.0,12.0,0
16,5,6.0,2.0,5.0,16.333333333333332,0
0,12,14.0,3.0,9.0,9.666666666666666,0
30,0,19.0,21.0,21.0,15.0,0
12,5,9.0,4.0,10.0,15.666666666666666,0
25,12,18.0,6.0,9.0,16.666666666666668,0
1,3,7.0,0.0,21.0,5.333333333333333,0
23,8,2.0,163.0,204.0,9.333333333333334,0
5,0,16.0,102.0,278.0,12.0,0
19,2,8.0,6.0,10.0,12.333333333333334,0
27,1,15.0,34.0,73.0,15.0,0
26,3,,3.0,5.0,12.0,0
28,11,1.0,41.0,204.0,2.3333333333333335,1
18,7,3.0,378.0,586.0,5.666666666666667,1
21,7,2.0,112.0,147.0,9.333333333333334,1
15,4,4.0,50.0,162.0,9.0,0
11,8,7.0,124.0,251.0,5.0,0
24,4,6.0,186.0,288.0,3.0,0
23,8,8.0,135.0,259.0,12.666666666666666,0
1,3,10.0,108.0,294.0,8.666666666666666,0
19,2,14.0,167.0,208.0,15.666666666666666,0
9,2,12.0,36.0,75.0,8.0,0
14,1,11.0,40.0,76.0,11.0,0
27,1,9.0,2.0,5.0,18.0,0
30,0,19.0,3.0,5.0,14.666666666666666,0
12,5,18.0,4.0,10.0,14.0,0
16,5,15.0,6.0,9.0,14.666666666666666,0
0,12,13.0,3.0,9.0,8.666666666666666,0
25,12,20.0,21.0,21.0,15.666666666666666,0
26,3,17.0,0.0,21.0,13.5,0
20,11,5.0,41.0,208.0,4.666666666666667,0
5,0,16.0,208.0,586.0,13.666666666666666,0
28,11,1.0,6.0,10.0,2.3333333333333335,1
21,7,6.0,404.0,612.0,7.333333333333333,1
18,7,10.0,68.0,180.0,4.0,1
23,8,2.0,127.0,195.0,9.333333333333334,0
15,4,5.0,120.0,306.0,4.0,0
1,3,4.0,134.0,269.0,10.666666666666666,0
19,2,8.0,175.0,216.0,15.333333333333334,0
5,0,9.0,42.0,82.0,15.666666666666666,0
30,0,19.0,10.0,14.0,13.0,0
20,11,20.0,6.0,16.0,9.666666666666666,0
26,3,16.0,209.0,613.0,17.0,0
9,2,7.0,41.0,216.0,10.333333333333334,0
0,12,13.0,40.0,82.0,11.333333333333334,0
16,5,18.0,21.0,21.0,14.333333333333334,0
27,1,11.0,3.0,9.0,17.0,0
12,5,14.0,3.0,5.0,14.666666666666666,0
14,1,17.0,6.0,9.0,10.333333333333334,0
25,12,15.0,2.0,5.0,14.666666666666666,0
11,8,3.0,0.0,21.0,4.666666666666667,0
24,4,12.0,186.0,306.0,3.3333333333333335,0
28,11,6.0,135.0,269.0,2.3333333333333335,1
18,7,2.0,429.0,638.0,2.3333333333333335,1
24,4,4.0,145.0,213.0,9.0,1
20,11,9.0,150.0,284.0,12.333333333333334,0
23,8,5.0,221.0,650.0,9.0,0
9,2,7.0,130.0,316.0,9.333333333333334,0
26,3,20.0,48.0,90.0,14.5,0
27,1,11.0,47.0,222.0,15.333333333333334,0
0,12,15.0,8.0,10.0,13.333333333333334,0
25,12,16.0,23.0,23.0,16.333333333333332,0
12,5,18.0,1.0,24.0,14.333333333333334,0
5,0,13.0,6.0,9.0,15.0,0
30,0,12.0,10.0,16.0,11.333333333333334,0
16,5,17.0,6.0,16.0,13.0,0
22,1,14.0,3.0,9.0,14.5,0
1,3,19.0,0.0,10.0,9.666666666666666,0
21,7,10.0,175.0,222.0,4.0,0
19,2,8.0,68.0,213.0,11.333333333333334,0
11,8,3.0,42.0,90.0,9.0,0
15,4,1.0,186.0,316.0,4.333333333333333,0
28,11,3.0,134.0,284.0,1.0,1
11,8,6.0,454.0,675.0,14.333333333333334,1
15,4,1.0,205.0,335.0,9.666666666666666,1
24,4,2.0,149.0,299.0,9.666666666666666,0
18,7,17.0,162.0,311.0,2.3333333333333335,0
23,8,8.0,155.0,223.0,5.333333333333333,0
22,1,4.0,138.0,343.0,14.666666666666666,0
21,7,7.0,6.0,16.0,7.333333333333333,0
0,12,14.0,72.0,227.0,12.666666666666666,0
19,2,15.0,25.0,26.0,11.333333333333334,0
9,2,11.0,43.0,91.0,9.333333333333334,0
27,1,18.0,48.0,91.0,11.666666666666666,0
12,5,12.0,8.0,16.0,13.666666666666666,0
30,0,10.0,6.0,9.0,11.666666666666666,0
5,0,9.0,6.0,16.0,13.333333333333334,0
25,12,19.0,10.0,16.0,15.0,0
26,3,0.0,1.0,26.0,12.0,0
1,3,13.0,47.0,222.0,10.0,0
16,5,16.0,175.0,222.0,14.333333333333334,0
20,11,5.0,3.0,9.0,11.0,0
28,11,1.0,221.0,675.0,1.0,1
18,7,6.0,479.0,700.0,3.3333333333333335,1
1,3,4.0,174.0,246.0,13.333333333333334,1
20,11,9.0,190.0,237.0,11.333333333333334,0
26,3,3.0,233.0,712.0,11.666666666666666,0
24,4,7.0,57.0,247.0,9.0,0
9,2,15.0,170.0,319.0,9.666666666666666,0
11,8,5.0,54.0,97.0,13.333333333333334,0
27,1,16.0,209.0,347.0,11.666666666666666,0
19,2,14.0,10.0,18.0,11.666666666666666,0
25,12,19.0,44.0,98.0,14.666666666666666,0
12,5,11.0,1.0,26.0,13.333333333333334,0
22,1,17.0,6.0,9.0,12.666666666666666,0
21,7,10.0,6.0,18.0,9.0,0
23,8,8.0,72.0,246.0,5.0,0
5,0,18.0,138.0,347.0,11.666666666666666,0
30,0,20.0,10.0,16.0,12.0,0
16,5,12.0,6.0,16.0,15.666666666666666,0
0,12,13.0,3.0,9.0,10.333333333333334,0
15,4,2.0,25.0,26.0,9.333333333333334,0
28,11,2.0,149.0,319.0,1.0,1
15,4,1.0,504.0,737.0,14.333333333333334,1
20,11,11.0,167.0,337.0,9.333333333333334,1
19,2,16.0,248.0,752.0,12.666666666666666,0
26,3,19.0,56.0,110.0,9.666666666666666,0
24,4,12.0,67.0,257.0,4.333333333333333,0
11,8,10.0,178.0,345.0,9.666666666666666,0
23,8,3.0,215.0,353.0,8.666666666666666,0
1,3,9.0,142.0,357.0,12.333333333333334,0
21,7,18.0,192.0,259.0,13.0,0
9,2,4.0,74.0,248.0,8.0,0
0,12,5.0,54.0,110.0,12.333333333333334,0
16,5,8.0,25.0,26.0,17.0,0
22,1,14.0,3.0,9.0,11.666666666666666,0
30,0,17.0,6.0,18.0,14.666666666666666,0
25,12,6.0,6.0,16.0,12.333333333333334,0
5,0,7.0,1.0,26.0,14.333333333333334,0
27,1,20.0,10.0,16.0,9.666666666666666,0
12,5,13.0,10.0,18.0,12.0,0
18,7,15.0,6.0,9.0,3.0,0
28,11,1.0,174.0,248.0,1.0,1
15,4,2.0,530.0,778.0,8.333333333333334,1
23,8,4.0,185.0,363.0,9.666666666666666,1
20,11,9.0,157.0,372.0,9.0,0
18,7,5.0,260.0,790.0,9.0,0
21,7,3.0,184.0,258.0,10.666666666666666,0
1,3,7.0,82.0,266.0,10.0,0
27,1,6.0,198.0,265.0,13.0,0
11,8,11.0,14.0,22.0,5.666666666666667,0
26,3,13.0,217.0,374.0,9.0,0
22,1,15.0,68.0,266.0,11.333333333333334,0
19,2,12.0,6.0,22.0,8.0,0
9,2,10.0,56.0,110.0,9.666666666666666,0
0,12,14.0,54.0,110.0,13.333333333333334,0
12,5,8.0,25.0,26.0,14.666666666666666,0
25,12,20.0,6.0,9.0,14.333333333333334,0
30,0,19.0,1.0,26.0,15.333333333333334,0
24,4,16.0,6.0,16.0,5.333333333333333,0
5,0,18.0,178.0,363.0,16.0,0
16,5,17.0,10.0,16.0,16.666666666666668,0
28,11,1.0,3.0,9.0,,1
20,11,5.0,26.0,26.0,,1
24,4,4.0,18.0,44.0,,1
15,4,2.0,15.0,15.0,,0
23,8,3.0,12.0,27.0,,0
18,7,7.0,10.0,10.0,,0
11,8,9.0,8.0,8.0,,0
21,7,8.0,6.0,16.0,,0
1,3,6.0,4.0,12.0,,0
26,3,12.0,2.0,2.0,,0
30,6,17.0,1.0,3.0,,0
16,5,15.0,0.0,0.0,,0
22,9,14.0,0.0,0.0,,0
27,9,11.0,0.0,0.0,,0
0,12,13.0,0.0,0.0,,0
12,5,10.0,0.0,0.0,,0
19,2,19.0,0.0,0.0,,0
9,2,20.0,0.0,0.0,,0
5,6,16.0,0.0,0.0,,0
25,12,18.0,0.0,0.0,,0
28,11,1.0,0.0,0.0,1.0,1
20,11,3.0,51.0,69.0,2.0,1
15,4,2.0,36.0,87.0,4.0,1
21,7,5.0,28.0,43.0,8.0,0
1,3,4.0,16.0,24.0,9.0,0
23,8,7.0,12.0,13.0,5.0,0
3,4,11.0,18.0,24.0,,0
18,7,6.0,6.0,49.0,6.0,0
11,8,8.0,12.0,28.0,7.0,0
12,5,15.0,8.0,26.0,16.0,0
0,12,12.0,1.0,1.0,15.0,0
16,5,13.0,0.0,0.0,12.0,0
19,2,17.0,0.0,1.0,17.0,0
25,12,19.0,0.0,0.0,20.0,0
27,9,9.0,0.0,0.0,14.0,0
22,9,14.0,0.0,0.0,13.0,0
5,6,16.0,0.0,0.0,19.0,0
30,6,20.0,0.0,0.0,11.0,0
26,3,10.0,0.0,0.0,10.0,0
9,2,18.0,1.0,13.0,18.0,0
24,4,2.0,0.0,0.0,3.0,1
15,4,4.0,40.0,74.0,3.5,1
18,7,3.0,47.0,93.0,7.0,1
21,7,5.0,27.0,43.0,6.0,0
20,11,6.0,28.0,55.0,2.0,0
26,3,9.0,46.0,97.0,14.5,0
27,9,8.0,9.0,21.0,14.5,0
1,3,10.0,6.0,6.0,7.0,0
12,5,16.0,16.0,25.0,13.0,0
16,5,14.0,3.0,3.0,12.0,0
0,12,12.0,1.0,4.0,13.0,0
22,9,18.0,0.0,0.0,14.5,0
9,2,17.0,0.0,6.0,19.0,0
5,6,13.0,0.0,0.0,18.0,0
30,6,19.0,0.0,0.0,14.5,0
19,2,15.0,0.0,0.0,15.0,0
23,8,7.0,0.0,0.0,5.5,0
11,8,11.0,18.0,26.0,8.0,0
28,11,1.0,8.0,26.0,1.0,0
28,11,1.0,51.0,97.0,7.0,1
20,11,2.0,77.0,123.0,3.0,1
24,4,4.0,64.0,141.0,2.0,1
15,4,8.0,55.0,108.0,3.0,0
18,7,3.0,59.0,120.0,5.666666666666667,0
1,3,5.0,37.0,65.0,7.333333333333333,0
23,8,9.0,24.0,33.0,9.333333333333334,0
21,7,6.0,24.0,32.0,5.333333333333333,0
11,8,7.0,32.0,69.0,11.333333333333334,0
27,9,10.0,10.0,34.0,12.0,0
12,5,12.0,7.0,7.0,11.666666666666666,0
26,3,16.0,3.0,4.0,11.666666666666666,0
16,5,18.0,9.0,33.0,11.333333333333334,0
5,6,13.0,1.0,4.0,16.666666666666668,0
19,2,15.0,0.0,0.0,15.333333333333334,0
9,2,17.0,0.0,0.0,17.0,0
25,12,19.0,0.0,0.0,17.0,0
30,6,20.0,0.0,0.0,14.666666666666666,0
22,9,11.0,0.0,0.0,13.666666666666666,0
0,12,14.0,0.0,7.0,12.333333333333334,0
28,11,1.0,0.0,0.0,7.0,1
18,7,4.0,102.0,166.0,5.333333333333333,1
20,11,2.0,55.0,87.0,3.0,1
15,4,6.0,79.0,181.0,3.0,0
24,4,7.0,71.0,132.0,2.3333333333333335,0
23,8,8.0,65.0,142.0,10.0,0
1,3,3.0,32.0,42.0,6.333333333333333,0
21,7,5.0,31.0,40.0,5.333333333333333,0
11,8,18.0,36.0,91.0,12.0,0
12,5,9.0,12.0,44.0,10.0,0
19,2,13.0,4.0,5.0,14.666666666666666,0
0,12,14.0,0.0,0.0,14.0,0
9,2,15.0,0.0,0.0,16.333333333333332,0
30,6,16.0,0.0,0.0,17.0,0
26,3,11.0,0.0,0.0,12.333333333333334,0
16,5,17.0,9.0,40.0,11.666666666666666,0
25,12,20.0,1.0,5.0,17.0,0
22,9,12.0,0.0,0.0,15.666666666666666,0
27,9,19.0,0.0,7.0,10.666666666666666,0
5,6,10.0,7.0,7.0,15.0,0
18,7,5.0,0.0,0.0,3.3333333333333335,1
28,11,1.0,80.0,116.0,7.0,1
15,4,2.0,120.0,199.0,3.3333333333333335,1
20,11,4.0,86.0,157.0,3.3333333333333335,0
24,4,3.0,91.0,211.0,3.0,0
11,8,8.0,75.0,167.0,12.0,0
27,9,10.0,20.0,52.0,12.0,0
23,8,7.0,13.0,13.0,10.0,0
1,3,15.0,36.0,56.0,7.0,0
19,2,13.0,33.0,42.0,14.0,0
12,5,9.0,1.0,1.0,10.0,0
9,2,12.0,4.0,5.0,14.0,0
21,7,6.0,0.0,1.0,6.666666666666667,0
30,6,19.0,36.0,116.0,15.666666666666666,0
22,9,20.0,0.0,0.0,16.333333333333332,0
5,6,16.0,0.0,13.0,16.0,0
26,3,11.0,0.0,0.0,11.0,0
0,12,14.0,9.0,42.0,14.333333333333334,0
16,5,18.0,0.0,0.0,13.0,0
25,12,17.0,1.0,5.0,16.0,0
28,11,1.0,0.0,0.0,1.3333333333333333,1
18,7,2.0,145.0,236.0,2.6666666666666665,1
15,4,3.0,98.0,134.0,3.6666666666666665,1
21,7,5.0,101.0,182.0,9.666666666666666,0
24,4,4.0,48.0,146.0,4.333333333333333,0
11,8,8.0,85.0,192.0,8.0,0
23,8,6.0,28.0,64.0,7.0,0
20,11,11.0,43.0,71.0,3.0,0
26,3,13.0,95.0,240.0,14.666666666666666,0
27,9,7.0,11.0,44.0,12.0,0
12,5,10.0,14.0,14.0,10.666666666666666,0
16,5,18.0,4.0,5.0,16.0,0
22,9,9.0,1.0,5.0,17.333333333333332,0
19,2,12.0,0.0,14.0,12.0,0
30,6,17.0,1.0,1.0,15.333333333333334,0
9,2,15.0,0.0,0.0,13.666666666666666,0
25,12,19.0,0.0,1.0,18.0,0
5,6,16.0,0.0,0.0,16.666666666666668,0
1,3,20.0,0.0,0.0,7.333333333333333,0
0,12,14.0,33.0,44.0,16.666666666666668,0
15,4,1.0,0.0,0.0,3.3333333333333335,1
21,7,2.0,126.0,217.0,8.333333333333334,1
24,4,3.0,66.0,164.0,5.0,1
18,7,4.0,100.0,232.0,1.6666666666666667,0
23,8,5.0,110.0,176.0,7.0,0
28,11,6.0,53.0,81.0,1.3333333333333333,0
11,8,7.0,153.0,248.0,7.0,0
27,9,8.0,35.0,88.0,12.0,0
0,12,9.0,18.0,18.0,16.666666666666668,0
9,2,10.0,2.0,2.0,13.666666666666666,0
1,3,14.0,1.0,2.0,11.666666666666666,0
22,9,12.0,33.0,44.0,15.333333333333334,0
5,6,17.0,0.0,18.0,18.0,0
26,3,13.0,0.0,0.0,13.666666666666666,0
25,12,15.0,11.0,44.0,18.0,0
30,6,18.0,0.0,2.0,14.333333333333334,0
19,2,11.0,0.0,0.0,11.666666666666666,0
20,11,16.0,1.0,2.0,5.0,0
12,5,19.0,95.0,248.0,10.666666666666666,0
16,5,20.0,4.0,5.0,15.666666666666666,0
28,11,2.0,1.0,5.0,3.0,1
18,7,3.0,178.0,273.0,2.3333333333333335,1
23,8,1.0,128.0,194.0,6.666666666666667,1
11,8,7.0,68.0,103.0,6.333333333333333,0
21,7,4.0,48.0,116.0,6.333333333333333,0
1,3,6.0,76.0,204.0,13.0,0
26,3,9.0,41.0,52.0,13.333333333333334,0
22,9,5.0,17.0,58.0,13.333333333333334,0
9,2,15.0,4.0,22.0,12.666666666666666,0
19,2,18.0,3.0,4.0,13.666666666666666,0
12,5,17.0,2.0,5.0,13.666666666666666,0
16,5,14.0,4.0,5.0,17.0,0
5,6,19.0,1.0,5.0,15.666666666666666,0
27,9,8.0,0.0,0.0,8.333333333333334,0
30,6,20.0,18.0,22.0,15.0,0
24,4,12.0,0.0,0.0,4.333333333333333,0
0,12,10.0,100.0,232.0,15.666666666666666,0
20,11,16.0,2.0,2.0,10.0,0
15,4,11.0,95.0,273.0,2.3333333333333335,0
25,12,13.0,126.0,232.0,17.333333333333332,0
28,11,2.0,0.0,2.0,2.6666666666666665,1
18,7,1.0,203.0,298.0,2.6666666666666665,1
11,8,3.0,147.0,223.0,5.666666666666667,1
23,8,4.0,63.0,131.0,5.0,0
15,4,5.0,80.0,143.0,7.666666666666667,0
24,4,6.0,136.0,242.0,8.0,0
21,7,9.0,108.0,250.0,3.6666666666666665,0
20,11,11.0,82.0,229.0,14.666666666666666,0
9,2,7.0,99.0,302.0,11.666666666666666,0
19,2,8.0,5.0,7.0,13.666666666666666,0
12,5,13.0,3.0,8.0,13.666666666666666,0
1,3,10.0,4.0,5.0,12.0,0
30,6,15.0,41.0,58.0,15.333333333333334,0
26,3,14.0,0.0,0.0,10.0,0
22,9,18.0,17.0,58.0,11.0,0
5,6,12.0,4.0,22.0,14.666666666666666,0
16,5,16.0,0.0,0.0,14.666666666666666,0
0,12,20.0,1.0,5.0,15.333333333333334,0
27,9,17.0,2.0,2.0,10.666666666666666,0
25,12,19.0,18.0,22.0,17.333333333333332,0
23,8,3.0,0.0,2.0,4.0,1
21,7,7.0,105.0,168.0,4.666666666666667,1
24,4,4.0,100.0,247.0,8.333333333333334,1
11,8,5.0,123.0,265.0,4.666666666666667,0
28,11,1.0,75.0,180.0,2.6666666666666665,0
12,5,9.0,213.0,312.0,13.666666666666666,0
20,11,8.0,12.0,13.0,14.666666666666666,0
16,5,12.0,105.0,318.0,16.333333333333332,0
22,9,11.0,5.0,17.0,11.666666666666666,0
9,2,13.0,6.0,24.0,9.333333333333334,0
15,4,6.0,6.0,9.0,8.333333333333334,0
19,2,10.0,136.0,265.0,12.333333333333334,0
26,3,17.0,3.0,9.0,11.666666666666666,0
27,9,14.0,17.0,58.0,13.666666666666666,0
0,12,16.0,18.0,24.0,14.666666666666666,0
5,6,18.0,2.0,2.0,14.0,0
30,6,20.0,0.0,0.0,14.666666666666666,0
1,3,15.0,0.0,0.0,9.666666666666666,0
25,12,19.0,41.0,58.0,18.333333333333332,0
18,7,2.0,0.0,2.0,2.6666666666666665,0
11,8,2.0,147.0,247.0,3.6666666666666665,1
28,11,4.0,100.0,205.0,2.3333333333333335,1
18,7,3.0,231.0,336.0,8.0,1
21,7,5.0,162.0,262.0,4.666666666666667,0
24,4,7.0,112.0,274.0,8.333333333333334,0
12,5,6.0,134.0,276.0,9.333333333333334,0
26,3,8.0,20.0,25.0,11.333333333333334,0
1,3,10.0,23.0,64.0,12.0,0
0,12,9.0,45.0,68.0,16.666666666666668,0
27,9,13.0,4.0,4.0,15.666666666666666,0
25,12,12.0,19.0,25.0,19.666666666666668,0
16,5,17.0,0.0,4.0,12.333333333333334,0
22,9,15.0,5.0,25.0,10.666666666666666,0
15,4,11.0,6.0,25.0,11.666666666666666,0
5,6,16.0,136.0,276.0,15.0,0
19,2,18.0,0.0,0.0,10.666666666666666,0
20,11,20.0,3.0,9.0,11.0,0
30,6,14.0,105.0,336.0,15.0,0
23,8,1.0,0.0,0.0,2.6666666666666665,0
9,2,19.0,105.0,205.0,9.333333333333334,0
21,7,2.0,6.0,9.0,4.333333333333333,1
18,7,1.0,137.0,299.0,8.333333333333334,1
11,8,5.0,180.0,317.0,2.6666666666666665,1
15,4,6.0,115.0,220.0,10.0,0
28,11,3.0,148.0,288.0,2.6666666666666665,0
24,4,4.0,241.0,346.0,4.666666666666667,0
20,11,16.0,142.0,296.0,10.666666666666666,0
23,8,17.0,111.0,352.0,8.0,0
27,9,10.0,110.0,225.0,14.333333333333334,0
26,3,8.0,21.0,27.0,11.333333333333334,0
1,3,7.0,24.0,69.0,12.666666666666666,0
22,9,9.0,45.0,69.0,12.333333333333334,0
12,5,11.0,6.0,27.0,7.666666666666667,0
0,12,13.0,20.0,25.0,14.0,0
16,5,15.0,4.0,4.0,12.333333333333334,0
5,6,12.0,5.0,25.0,15.666666666666666,0
25,12,14.0,0.0,0.0,16.666666666666668,0
19,2,19.0,0.0,4.0,12.666666666666666,0
30,6,18.0,3.0,9.0,16.0,0
9,2,20.0,0.0,0.0,13.0,0
11,8,3.0,6.0,9.0,2.6666666666666665,1
21,7,5.0,140.0,250.0,2.3333333333333335,1
15,4,1.0,155.0,335.0,9.666666666666666,1
28,11,11.0,163.0,311.0,4.0,0
18,7,4.0,253.0,364.0,8.333333333333334,0
24,4,7.0,190.0,345.0,4.666666666666667,0
20,11,2.0,150.0,319.0,10.333333333333334,0
1,3,8.0,118.0,371.0,12.333333333333334,0
19,2,9.0,49.0,73.0,15.333333333333334,0
22,9,13.0,5.0,11.0,11.333333333333334,0
26,3,15.0,7.0,28.0,10.0,0
0,12,10.0,24.0,73.0,12.666666666666666,0
9,2,12.0,4.0,4.0,16.666666666666668,0
16,5,17.0,6.0,11.0,11.666666666666666,0
5,6,14.0,5.0,25.0,15.666666666666666,0
27,9,20.0,0.0,0.0,11.0,0
25,12,18.0,21.0,28.0,15.666666666666666,0
12,5,16.0,0.0,4.0,8.333333333333334,0
30,6,19.0,20.0,25.0,18.0,0
23,8,6.0,0.0,0.0,9.333333333333334,0
18,7,1.0,110.0,250.0,3.3333333333333335,1
28,11,2.0,216.0,371.0,3.6666666666666665,1
15,4,6.0,271.0,389.0,7.0,1
21,7,3.0,178.0,334.0,2.3333333333333335,0
24,4,10.0,167.0,383.0,5.666666666666667,0
20,11,5.0,160.0,344.0,10.333333333333334,0
23,8,4.0,126.0,397.0,15.666666666666666,0
11,8,14.0,116.0,256.0,1.6666666666666667,0
9,2,9.0,144.0,260.0,17.666666666666668,0
1,3,7.0,8.0,13.0,9.0,0
12,5,12.0,50.0,74.0,12.333333333333334,0
22,9,13.0,20.0,25.0,11.666666666666666,0
26,3,8.0,7.0,28.0,9.333333333333334,0
0,12,19.0,24.0,74.0,11.666666666666666,0
19,2,15.0,4.0,4.0,14.333333333333334,0
25,12,18.0,5.0,13.0,15.0,0
27,9,11.0,0.0,4.0,11.666666666666666,0
16,5,20.0,21.0,28.0,13.666666666666666,0
5,6,16.0,5.0,25.0,15.333333333333334,0
30,6,17.0,0.0,0.0,18.666666666666668,0
15,4,4.0,0.0,0.0,3.3333333333333335,1
21,7,2.0,203.0,369.0,2.3333333333333335,1
18,7,1.0,185.0,401.0,2.6666666666666665,1
24,4,5.0,232.0,417.0,5.666666666666667,0
11,8,6.0,172.0,381.0,4.0,0
28,11,7.0,154.0,270.0,3.6666666666666665,0
23,8,3.0,279.0,405.0,11.666666666666666,0
20,11,8.0,122.0,276.0,6.666666666666667,0
0,12,9.0,130.0,409.0,13.333333333333334,0
16,5,13.0,6.0,6.0,15.666666666666666,0
1,3,11.0,6.0,26.0,9.666666666666666,0
6,12,18.0,50.0,74.0,,0
22,9,12.0,0.0,6.0,11.333333333333334,0
19,2,15.0,7.0,28.0,14.0,0
9,2,14.0,5.0,13.0,14.0,0
5,6,19.0,8.0,13.0,16.666666666666668,0
12,5,10.0,0.0,0.0,14.0,0
30,6,20.0,20.0,26.0,19.333333333333332,0
26,3,17.0,0.0,0.0,11.333333333333334,0
27,9,16.0,24.0,74.0,14.0,0
21,7,2.0,21.0,28.0,2.6666666666666665,1
15,4,1.0,210.0,442.0,2.3333333333333335,1
23,8,5.0,221.0,399.0,11.333333333333334,1
18,7,15.0,137.0,291.0,3.0,0
28,11,6.0,245.0,455.0,4.0,0
1,3,7.0,289.0,419.0,9.666666666666666,0
0,12,9.0,58.0,82.0,11.666666666666666,0
6,12,8.0,12.0,12.0,12.0,0
11,8,19.0,4.0,16.0,4.666666666666667,0
3,5,10.0,156.0,293.0,7.0,0
12,5,12.0,7.0,27.0,15.333333333333334,0
9,2,18.0,20.0,27.0,12.333333333333334,0
22,9,14.0,8.0,13.0,11.666666666666666,0
30,6,17.0,7.0,28.0,19.0,0
19,2,20.0,0.0,0.0,12.666666666666666,0
5,6,16.0,5.0,13.0,16.666666666666668,0
20,11,4.0,0.0,0.0,7.0,0
24,4,3.0,130.0,419.0,5.0,0
26,3,13.0,172.0,399.0,14.333333333333334,0
27,9,11.0,24.0,82.0,17.666666666666668,0
18,7,1.0,21.0,28.0,2.6666666666666665,1
28,11,2.0,270.0,480.0,4.333333333333333,1
21,7,5.0,307.0,437.0,2.3333333333333335,1
23,8,4.0,225.0,495.0,5.666666666666667,0
15,4,9.0,149.0,305.0,2.0,0
11,8,3.0,231.0,409.0,7.333333333333333,0
24,4,10.0,164.0,313.0,9.0,0
1,3,7.0,178.0,415.0,9.0,0
12,5,6.0,62.0,86.0,13.0,0
20,11,13.0,22.0,29.0,10.333333333333334,0
6,12,12.0,131.0,438.0,10.0,0
27,9,8.0,4.0,16.0,19.0,0
19,2,15.0,21.0,28.0,14.666666666666666,0
26,3,17.0,5.0,13.0,17.0,0
30,6,20.0,24.0,86.0,17.333333333333332,0
5,6,19.0,0.0,0.0,17.0,0
9,2,18.0,0.0,0.0,12.0,0
22,9,16.0,8.0,13.0,12.666666666666666,0
16,5,14.0,7.0,28.0,14.0,0
0,12,11.0,6.0,29.0,10.0,0
15,4,4.0,12.0,16.0,2.6666666666666665,1
24,4,3.0,256.0,440.0,9.666666666666666,1
28,11,2.0,196.0,458.0,4.333333333333333,1
18,7,1.0,322.0,453.0,2.6666666666666665,0
21,7,5.0,282.0,507.0,2.0,0
23,8,20.0,235.0,517.0,4.666666666666667,0
20,11,9.0,157.0,321.0,11.666666666666666,0
12,5,11.0,137.0,459.0,12.333333333333334,0
14,9,19.0,26.0,33.0,,0
6,12,15.0,2.0,30.0,10.333333333333334,0
16,5,8.0,5.0,17.0,15.666666666666666,0
9,2,6.0,6.0,33.0,14.666666666666666,0
1,3,7.0,8.0,13.0,8.333333333333334,0
27,9,10.0,62.0,86.0,17.333333333333332,0
26,3,13.0,21.0,30.0,17.333333333333332,0
0,12,14.0,24.0,86.0,12.0,0
5,6,16.0,12.0,17.0,16.0,0
19,2,12.0,0.0,0.0,14.0,0
30,6,18.0,5.0,13.0,15.666666666666666,0
11,8,17.0,0.0,0.0,6.666666666666667,0
24,4,1.0,164.0,321.0,9.0,1
18,7,3.0,221.0,483.0,3.0,1
15,4,4.0,300.0,535.0,2.6666666666666665,1
11,8,6.0,272.0,499.0,11.666666666666666,0
23,8,5.0,176.0,333.0,4.333333333333333,0
28,11,2.0,167.0,343.0,3.3333333333333335,0
16,5,7.0,330.0,467.0,13.333333333333334,0
21,7,17.0,12.0,39.0,3.0,0
12,5,10.0,239.0,539.0,9.333333333333334,0
9,2,8.0,28.0,41.0,13.666666666666666,0
26,3,14.0,9.0,14.0,16.0,0
6,12,16.0,24.0,86.0,9.666666666666666,0
19,2,0.0,5.0,17.0,15.333333333333334,0
5,6,15.0,5.0,14.0,16.333333333333332,0
30,6,19.0,0.0,0.0,16.0,0
14,9,12.0,0.0,0.0,9.0,0
20,11,18.0,2.0,30.0,11.333333333333334,0
1,3,13.0,137.0,467.0,9.0,0
0,12,9.0,62.0,86.0,14.333333333333334,0
27,9,11.0,12.0,17.0,15.333333333333334,0
28,11,17.0,21.0,30.0,3.6666666666666665,1
19,2,4.0,356.0,493.0,14.666666666666666,1
9,2,13.0,23.0,32.0,13.0,1
23,8,2.0,24.0,47.0,5.0,0
15,4,6.0,179.0,355.0,3.0,0
18,7,1.0,282.0,509.0,2.3333333333333335,0
27,9,3.0,308.0,547.0,15.333333333333334,0
21,7,8.0,27.0,36.0,5.333333333333333,0
14,9,5.0,243.0,551.0,12.5,0
11,8,14.0,4.0,38.0,10.0,0
20,11,12.0,177.0,356.0,11.333333333333334,0
3,5,15.0,137.0,493.0,8.5,0
5,6,11.0,7.0,41.0,15.666666666666666,0
1,3,9.0,0.0,0.0,13.0,0
30,6,19.0,62.0,86.0,16.333333333333332,0
24,4,20.0,0.0,0.0,3.3333333333333335,0
6,12,16.0,221.0,509.0,11.0,0
0,12,7.0,5.0,17.0,18.333333333333332,0
26,3,10.0,12.0,17.0,13.333333333333334,0
12,5,18.0,24.0,86.0,8.666666666666666,0
23,8,1.0,28.0,41.0,5.0,1
11,8,10.0,204.0,381.0,11.333333333333334,1
24,4,2.0,195.0,399.0,6.333333333333333,1
15,4,4.0,236.0,524.0,3.0,0
28,11,5.0,294.0,536.0,3.3333333333333335,0
18,7,6.0,366.0,503.0,4.0,0
21,7,8.0,317.0,560.0,7.0,0
12,5,9.0,249.0,566.0,12.333333333333334,0
27,9,7.0,32.0,45.0,13.666666666666666,0
20,11,15.0,29.0,40.0,11.666666666666666,0
1,3,16.0,138.0,504.0,15.0,0
16,5,12.0,62.0,86.0,12.333333333333334,0
30,6,13.0,12.0,45.0,16.333333333333332,0
6,12,20.0,0.0,0.0,13.0,0
26,3,18.0,5.0,17.0,15.0,0
14,9,14.0,24.0,86.0,11.333333333333334,0
19,2,11.0,4.0,40.0,11.0,0
5,6,19.0,23.0,47.0,14.666666666666666,0
0,12,17.0,0.0,0.0,17.666666666666668,0
9,2,3.0,12.0,17.0,8.333333333333334,0
28,11,2.0,24.0,47.0,4.0,1
15,4,5.0,391.0,529.0,4.0,1
21,7,4.0,312.0,554.0,7.666666666666667,1
23,8,1.0,264.0,581.0,3.3333333333333335,0
9,2,11.0,216.0,411.0,11.0,0
24,4,7.0,34.0,57.0,6.666666666666667,0
1,3,8.0,244.0,562.0,14.333333333333334,0
30,6,12.0,68.0,92.0,14.333333333333334,0
16,5,10.0,4.0,4.0,10.0,0
18,7,3.0,14.0,47.0,4.666666666666667,0
5,6,13.0,319.0,583.0,15.0,0
11,8,6.0,0.0,4.0,5.333333333333333,0
27,9,14.0,195.0,411.0,12.0,0
14,9,17.0,29.0,40.0,13.666666666666666,0
0,12,16.0,4.0,40.0,18.666666666666668,0
12,5,18.0,12.0,17.0,12.333333333333334,0
20,11,9.0,32.0,47.0,12.666666666666666,0
26,3,15.0,138.0,529.0,15.0,0
6,12,19.0,24.0,92.0,14.333333333333334,0
19,2,20.0,5.0,17.0,10.666666666666666,0
18,7,1.0,23.0,57.0,7.333333333333333,1
24,4,3.0,344.0,608.0,8.333333333333334,1
15,4,19.0,262.0,580.0,3.6666666666666665,1
11,8,16.0,327.0,595.0,8.0,0
23,8,6.0,207.0,423.0,3.0,0
28,11,4.0,226.0,433.0,2.3333333333333335,0
9,2,5.0,399.0,537.0,9.333333333333334,0
12,5,7.0,40.0,63.0,14.666666666666666,0
1,3,8.0,36.0,51.0,10.666666666666666,0
21,7,2.0,70.0,94.0,6.0,0
0,12,18.0,265.0,609.0,17.333333333333332,0
27,9,11.0,12.0,17.0,9.666666666666666,0
30,6,15.0,29.0,40.0,12.0,0
26,3,13.0,4.0,4.0,17.333333333333332,0
8,2,17.0,24.0,94.0,,0
16,5,14.0,0.0,63.0,9.333333333333334,0
14,9,12.0,14.0,51.0,13.0,0
5,6,9.0,4.0,40.0,14.0,0
6,12,20.0,0.0,4.0,16.666666666666668,0
20,11,10.0,5.0,17.0,12.666666666666666,0
